,hvtnfet_off,hvtnfet_on,hvtpfet_off,hvtpfet_on,lvtnfet_off,lvtnfet_on,lvtpfet_off,lvtpfet_on,rvtnfet_off,rvtnfet_on,rvtpfet_off,rvtpfet_on,srpdanfet_off,srpdanfet_on,srpdbnfet_off,srpdbnfet_on,srpdcnfet_off,srpdcnfet_on,srpdlnfet_off,srpdlnfet_on,srpganfet_off,srpganfet_on,srpgbnfet_off,srpgbnfet_on,srpgcnfet_off,srpgcnfet_on,srpglnfet_off,srpglnfet_on,srpuapfet_off,srpuapfet_on,srpubpfet_off,srpubpfet_on,srpucpfet_off,srpucpfet_on,srpulpfet_off,srpulpfet_on
voltage(V),current(A),current(A),current(A),current(A),current(A),current(A),current(A),current(A),current(A),current(A),current(A),current(A),current(A),current(A),current(A),current(A),current(A),current(A),current(A),current(A),current(A),current(A),current(A),current(A),current(A),current(A),current(A),current(A),current(A),current(A),current(A),current(A),current(A),current(A),current(A),current(A)
1.00E+00,1.22E-07,8.11E-05,7.74E-10,4.77E-05,2.49E-07,8.68E-05,3.70E-08,7.25E-05,1.45E-07,8.30E-05,3.80E-09,6.56E-05,1.16E-09,4.87E-05,1.16E-09,4.87E-05,3.54E-09,5.76E-05,1.70E-08,7.63E-05,9.99E-10,6.07E-05,3.05E-09,6.95E-05,3.98E-09,6.97E-05,5.16E-09,8.47E-05,1.09E-09,3.05E-05,1.09E-09,3.05E-05,3.08E-10,2.95E-05,2.76E-08,4.76E-05
9.90E-01,1.20E-07,8.00E-05,7.51E-10,4.71E-05,2.44E-07,8.56E-05,3.61E-08,7.14E-05,1.42E-07,8.19E-05,3.73E-09,6.46E-05,1.09E-09,4.75E-05,1.09E-09,4.75E-05,3.44E-09,5.62E-05,1.66E-08,7.50E-05,9.77E-10,5.94E-05,3.01E-09,6.82E-05,3.82E-09,6.82E-05,5.03E-09,8.31E-05,1.08E-09,2.99E-05,1.08E-09,2.99E-05,3.03E-10,2.89E-05,2.67E-08,4.68E-05
9.80E-01,1.18E-07,7.88E-05,7.29E-10,4.64E-05,2.40E-07,8.45E-05,3.51E-08,7.02E-05,1.40E-07,8.07E-05,3.66E-09,6.35E-05,1.08E-09,4.63E-05,1.08E-09,4.63E-05,3.34E-09,5.48E-05,1.63E-08,7.38E-05,9.66E-10,5.80E-05,2.98E-09,6.68E-05,3.70E-09,6.66E-05,4.92E-09,8.16E-05,1.06E-09,2.93E-05,1.06E-09,2.93E-05,2.97E-10,2.83E-05,2.58E-08,4.60E-05
9.70E-01,1.16E-07,7.77E-05,7.08E-10,4.57E-05,2.35E-07,8.33E-05,3.42E-08,6.91E-05,1.37E-07,7.95E-05,3.58E-09,6.24E-05,1.07E-09,4.51E-05,1.07E-09,4.51E-05,3.25E-09,5.35E-05,1.59E-08,7.25E-05,9.44E-10,5.67E-05,2.92E-09,6.55E-05,3.60E-09,6.51E-05,4.79E-09,8.00E-05,1.05E-09,2.87E-05,1.05E-09,2.87E-05,2.92E-10,2.77E-05,2.49E-08,4.52E-05
9.60E-01,1.14E-07,7.65E-05,6.87E-10,4.50E-05,2.30E-07,8.22E-05,3.33E-08,6.80E-05,1.35E-07,7.83E-05,3.51E-09,6.13E-05,1.03E-09,4.39E-05,1.03E-09,4.39E-05,3.18E-09,5.21E-05,1.56E-08,7.12E-05,9.22E-10,5.54E-05,2.88E-09,6.41E-05,3.46E-09,6.36E-05,4.69E-09,7.84E-05,1.03E-09,2.81E-05,1.03E-09,2.81E-05,2.87E-10,2.72E-05,2.41E-08,4.45E-05
9.50E-01,1.12E-07,7.53E-05,6.67E-10,4.43E-05,2.26E-07,8.10E-05,3.25E-08,6.69E-05,1.33E-07,7.71E-05,3.45E-09,6.02E-05,9.99E-10,4.27E-05,9.99E-10,4.27E-05,3.06E-09,5.08E-05,1.52E-08,6.99E-05,8.99E-10,5.40E-05,2.83E-09,6.28E-05,3.35E-09,6.21E-05,4.57E-09,7.69E-05,1.02E-09,2.75E-05,1.02E-09,2.75E-05,2.82E-10,2.66E-05,2.33E-08,4.37E-05
9.40E-01,1.10E-07,7.41E-05,6.47E-10,4.36E-05,2.21E-07,7.98E-05,3.17E-08,6.58E-05,1.31E-07,7.59E-05,3.38E-09,5.91E-05,9.77E-10,4.15E-05,9.77E-10,4.15E-05,3.00E-09,4.95E-05,1.49E-08,6.86E-05,8.88E-10,5.27E-05,2.80E-09,6.14E-05,3.25E-09,6.06E-05,4.47E-09,7.53E-05,1.00E-09,2.69E-05,1.00E-09,2.69E-05,2.77E-10,2.60E-05,2.25E-08,4.29E-05
9.30E-01,1.08E-07,7.29E-05,6.28E-10,4.29E-05,2.17E-07,7.87E-05,3.10E-08,6.47E-05,1.29E-07,7.48E-05,3.32E-09,5.80E-05,9.55E-10,4.03E-05,9.55E-10,4.03E-05,2.90E-09,4.82E-05,1.46E-08,6.73E-05,8.77E-10,5.14E-05,2.74E-09,6.01E-05,3.15E-09,5.91E-05,4.36E-09,7.37E-05,9.88E-10,2.63E-05,9.88E-10,2.63E-05,2.72E-10,2.55E-05,2.17E-08,4.21E-05
9.20E-01,1.06E-07,7.17E-05,6.09E-10,4.22E-05,2.13E-07,7.75E-05,3.02E-08,6.36E-05,1.27E-07,7.35E-05,3.25E-09,5.69E-05,9.33E-10,3.92E-05,9.33E-10,3.92E-05,2.83E-09,4.69E-05,1.43E-08,6.60E-05,8.33E-10,5.01E-05,2.72E-09,5.87E-05,3.04E-09,5.76E-05,4.26E-09,7.21E-05,9.73E-10,2.57E-05,9.73E-10,2.57E-05,2.67E-10,2.49E-05,2.10E-08,4.13E-05
9.10E-01,1.05E-07,7.05E-05,5.91E-10,4.15E-05,2.09E-07,7.63E-05,2.96E-08,6.24E-05,1.25E-07,7.23E-05,3.19E-09,5.58E-05,9.22E-10,3.80E-05,9.22E-10,3.80E-05,2.76E-09,4.56E-05,1.40E-08,6.47E-05,8.22E-10,4.88E-05,2.67E-09,5.74E-05,2.92E-09,5.61E-05,4.16E-09,7.05E-05,9.59E-10,2.52E-05,9.59E-10,2.52E-05,2.62E-10,2.43E-05,2.02E-08,4.05E-05
9.00E-01,1.03E-07,6.93E-05,5.73E-10,4.08E-05,2.05E-07,7.51E-05,2.89E-08,6.13E-05,1.23E-07,7.11E-05,3.13E-09,5.47E-05,8.99E-10,3.69E-05,8.99E-10,3.69E-05,2.68E-09,4.43E-05,1.37E-08,6.34E-05,8.11E-10,4.75E-05,2.63E-09,5.60E-05,2.83E-09,5.47E-05,4.04E-09,6.89E-05,9.45E-10,2.46E-05,9.45E-10,2.46E-05,2.57E-10,2.37E-05,1.95E-08,3.98E-05
8.90E-01,1.01E-07,6.81E-05,5.56E-10,4.00E-05,2.01E-07,7.39E-05,2.82E-08,6.02E-05,1.21E-07,6.99E-05,3.08E-09,5.36E-05,8.66E-10,3.58E-05,8.66E-10,3.58E-05,2.60E-09,4.30E-05,1.34E-08,6.21E-05,7.88E-10,4.62E-05,2.58E-09,5.47E-05,2.75E-09,5.33E-05,3.94E-09,6.73E-05,9.32E-10,2.40E-05,9.32E-10,2.40E-05,2.53E-10,2.32E-05,1.89E-08,3.90E-05
8.80E-01,9.96E-08,6.69E-05,5.39E-10,3.93E-05,1.98E-07,7.26E-05,2.76E-08,5.90E-05,1.19E-07,6.87E-05,3.02E-09,5.25E-05,8.44E-10,3.47E-05,8.44E-10,3.47E-05,2.50E-09,4.18E-05,1.31E-08,6.08E-05,7.66E-10,4.49E-05,2.54E-09,5.34E-05,2.65E-09,5.18E-05,3.84E-09,6.57E-05,9.18E-10,2.34E-05,9.18E-10,2.34E-05,2.48E-10,2.26E-05,1.82E-08,3.82E-05
8.70E-01,9.79E-08,6.57E-05,5.23E-10,3.85E-05,1.94E-07,7.14E-05,2.70E-08,5.79E-05,1.17E-07,6.75E-05,2.96E-09,5.13E-05,8.22E-10,3.36E-05,8.22E-10,3.36E-05,2.45E-09,4.05E-05,1.28E-08,5.95E-05,7.55E-10,4.36E-05,2.51E-09,5.20E-05,2.55E-09,5.04E-05,3.75E-09,6.41E-05,9.04E-10,2.28E-05,9.04E-10,2.28E-05,2.43E-10,2.20E-05,1.76E-08,3.74E-05
8.60E-01,9.63E-08,6.44E-05,5.07E-10,3.78E-05,1.91E-07,7.02E-05,2.65E-08,5.68E-05,1.15E-07,6.62E-05,2.91E-09,5.02E-05,7.99E-10,3.25E-05,7.99E-10,3.25E-05,2.39E-09,3.93E-05,1.25E-08,5.82E-05,7.22E-10,4.23E-05,2.45E-09,5.07E-05,2.48E-09,4.90E-05,3.64E-09,6.25E-05,8.91E-10,2.22E-05,8.91E-10,2.22E-05,2.39E-10,2.14E-05,1.70E-08,3.66E-05
8.50E-01,9.47E-08,6.32E-05,4.92E-10,3.70E-05,1.87E-07,6.90E-05,2.59E-08,5.56E-05,1.13E-07,6.50E-05,2.86E-09,4.91E-05,7.77E-10,3.14E-05,7.77E-10,3.14E-05,2.31E-09,3.81E-05,1.22E-08,5.69E-05,7.22E-10,4.11E-05,2.42E-09,4.94E-05,2.39E-09,4.76E-05,3.56E-09,6.09E-05,8.78E-10,2.16E-05,8.78E-10,2.16E-05,2.35E-10,2.09E-05,1.64E-08,3.58E-05
8.40E-01,9.32E-08,6.20E-05,4.77E-10,3.63E-05,1.84E-07,6.77E-05,2.54E-08,5.45E-05,1.12E-07,6.37E-05,2.80E-09,4.80E-05,7.55E-10,3.03E-05,7.55E-10,3.03E-05,2.22E-09,3.69E-05,1.19E-08,5.55E-05,6.99E-10,3.98E-05,2.38E-09,4.80E-05,2.31E-09,4.63E-05,3.45E-09,5.94E-05,8.64E-10,2.10E-05,8.64E-10,2.10E-05,2.30E-10,2.03E-05,1.58E-08,3.51E-05
8.30E-01,9.16E-08,6.07E-05,4.63E-10,3.55E-05,1.80E-07,6.65E-05,2.49E-08,5.34E-05,1.10E-07,6.25E-05,2.75E-09,4.68E-05,7.44E-10,2.93E-05,7.44E-10,2.93E-05,2.14E-09,3.57E-05,1.16E-08,5.42E-05,6.77E-10,3.86E-05,2.33E-09,4.67E-05,2.22E-09,4.49E-05,3.38E-09,5.78E-05,8.51E-10,2.05E-05,8.51E-10,2.05E-05,2.26E-10,1.97E-05,1.52E-08,3.43E-05
8.20E-01,9.01E-08,5.95E-05,4.48E-10,3.47E-05,1.77E-07,6.52E-05,2.44E-08,5.22E-05,1.08E-07,6.13E-05,2.70E-09,4.57E-05,7.11E-10,2.82E-05,7.11E-10,2.82E-05,2.10E-09,3.45E-05,1.14E-08,5.29E-05,6.66E-10,3.73E-05,2.30E-09,4.54E-05,2.14E-09,4.36E-05,3.26E-09,5.62E-05,8.38E-10,1.99E-05,8.38E-10,1.99E-05,2.22E-10,1.92E-05,1.47E-08,3.35E-05
8.10E-01,8.86E-08,5.82E-05,4.35E-10,3.40E-05,1.74E-07,6.40E-05,2.39E-08,5.11E-05,1.06E-07,6.00E-05,2.65E-09,4.46E-05,6.88E-10,2.72E-05,6.88E-10,2.72E-05,2.02E-09,3.33E-05,1.11E-08,5.16E-05,6.55E-10,3.61E-05,2.25E-09,4.41E-05,2.08E-09,4.22E-05,3.18E-09,5.46E-05,8.26E-10,1.93E-05,8.26E-10,1.93E-05,2.17E-10,1.86E-05,1.42E-08,3.27E-05
8.00E-01,8.71E-08,5.70E-05,4.21E-10,3.32E-05,1.71E-07,6.27E-05,2.34E-08,4.99E-05,1.05E-07,5.88E-05,2.60E-09,4.34E-05,6.66E-10,2.62E-05,6.66E-10,2.62E-05,1.98E-09,3.22E-05,1.08E-08,5.03E-05,6.22E-10,3.49E-05,2.22E-09,4.28E-05,2.00E-09,4.09E-05,3.10E-09,5.30E-05,8.13E-10,1.87E-05,8.13E-10,1.87E-05,2.13E-10,1.80E-05,1.37E-08,3.19E-05
7.90E-01,8.57E-08,5.57E-05,4.08E-10,3.24E-05,1.67E-07,6.14E-05,2.29E-08,4.88E-05,1.03E-07,5.75E-05,2.56E-09,4.23E-05,6.66E-10,2.52E-05,6.66E-10,2.52E-05,1.93E-09,3.10E-05,1.06E-08,4.90E-05,6.33E-10,3.37E-05,2.20E-09,4.15E-05,1.95E-09,3.96E-05,3.03E-09,5.15E-05,8.00E-10,1.82E-05,8.00E-10,1.82E-05,2.09E-10,1.75E-05,1.32E-08,3.11E-05
7.80E-01,8.42E-08,5.45E-05,3.96E-10,3.16E-05,1.64E-07,6.02E-05,2.25E-08,4.76E-05,1.01E-07,5.63E-05,2.51E-09,4.11E-05,6.55E-10,2.42E-05,6.55E-10,2.42E-05,1.88E-09,2.99E-05,1.03E-08,4.76E-05,6.22E-10,3.25E-05,2.15E-09,4.02E-05,1.89E-09,3.84E-05,2.94E-09,4.99E-05,7.88E-10,1.76E-05,7.88E-10,1.76E-05,2.05E-10,1.69E-05,1.27E-08,3.04E-05
7.70E-01,8.28E-08,5.32E-05,3.84E-10,3.08E-05,1.61E-07,5.89E-05,2.20E-08,4.65E-05,9.98E-08,5.50E-05,2.46E-09,4.00E-05,6.44E-10,2.32E-05,6.44E-10,2.32E-05,1.79E-09,2.88E-05,1.01E-08,4.63E-05,6.11E-10,3.13E-05,2.12E-09,3.89E-05,1.82E-09,3.71E-05,2.85E-09,4.83E-05,7.76E-10,1.70E-05,7.76E-10,1.70E-05,2.01E-10,1.63E-05,1.23E-08,2.96E-05
7.60E-01,8.14E-08,5.19E-05,3.72E-10,3.00E-05,1.58E-07,5.76E-05,2.16E-08,4.53E-05,9.82E-08,5.37E-05,2.42E-09,3.88E-05,6.22E-10,2.23E-05,6.22E-10,2.23E-05,1.74E-09,2.77E-05,9.83E-09,4.50E-05,5.88E-10,3.01E-05,2.08E-09,3.77E-05,1.77E-09,3.58E-05,2.79E-09,4.68E-05,7.64E-10,1.65E-05,7.64E-10,1.65E-05,1.97E-10,1.58E-05,1.18E-08,2.88E-05
7.50E-01,8.00E-08,5.07E-05,3.60E-10,2.92E-05,1.55E-07,5.63E-05,2.12E-08,4.42E-05,9.66E-08,5.25E-05,2.38E-09,3.77E-05,6.00E-10,2.13E-05,6.00E-10,2.13E-05,1.69E-09,2.66E-05,9.56E-09,4.37E-05,5.77E-10,2.90E-05,2.04E-09,3.64E-05,1.70E-09,3.46E-05,2.69E-09,4.52E-05,7.51E-10,1.59E-05,7.51E-10,1.59E-05,1.94E-10,1.52E-05,1.14E-08,2.80E-05
7.40E-01,7.86E-08,4.94E-05,3.49E-10,2.84E-05,1.53E-07,5.51E-05,2.08E-08,4.30E-05,9.49E-08,5.12E-05,2.33E-09,3.65E-05,5.88E-10,2.04E-05,5.88E-10,2.04E-05,1.64E-09,2.56E-05,9.33E-09,4.24E-05,5.66E-10,2.79E-05,2.00E-09,3.52E-05,1.63E-09,3.34E-05,2.61E-09,4.37E-05,7.40E-10,1.53E-05,7.40E-10,1.53E-05,1.90E-10,1.46E-05,1.10E-08,2.72E-05
7.30E-01,7.73E-08,4.82E-05,3.38E-10,2.75E-05,1.50E-07,5.38E-05,2.04E-08,4.19E-05,9.34E-08,5.00E-05,2.29E-09,3.54E-05,5.66E-10,1.95E-05,5.66E-10,1.95E-05,1.57E-09,2.45E-05,9.09E-09,4.11E-05,5.44E-10,2.67E-05,1.97E-09,3.39E-05,1.58E-09,3.22E-05,2.53E-09,4.22E-05,7.28E-10,1.48E-05,7.28E-10,1.48E-05,1.86E-10,1.41E-05,1.06E-08,2.64E-05
7.20E-01,7.59E-08,4.69E-05,3.27E-10,2.67E-05,1.47E-07,5.25E-05,2.00E-08,4.07E-05,9.19E-08,4.87E-05,2.25E-09,3.42E-05,5.55E-10,1.86E-05,5.55E-10,1.86E-05,1.53E-09,2.35E-05,8.86E-09,3.99E-05,5.33E-10,2.56E-05,1.94E-09,3.27E-05,1.52E-09,3.10E-05,2.47E-09,4.07E-05,7.16E-10,1.42E-05,7.16E-10,1.42E-05,1.82E-10,1.35E-05,1.02E-08,2.57E-05
7.10E-01,7.46E-08,4.57E-05,3.17E-10,2.59E-05,1.44E-07,5.12E-05,1.96E-08,3.96E-05,9.03E-08,4.75E-05,2.21E-09,3.31E-05,5.44E-10,1.77E-05,5.44E-10,1.77E-05,1.48E-09,2.25E-05,8.65E-09,3.86E-05,5.11E-10,2.46E-05,1.91E-09,3.15E-05,1.47E-09,2.99E-05,2.40E-09,3.92E-05,7.04E-10,1.37E-05,7.04E-10,1.37E-05,1.79E-10,1.30E-05,9.85E-09,2.49E-05
7.00E-01,7.32E-08,4.44E-05,3.07E-10,2.51E-05,1.41E-07,5.00E-05,1.92E-08,3.84E-05,8.88E-08,4.62E-05,2.17E-09,3.19E-05,5.22E-10,1.69E-05,5.22E-10,1.69E-05,1.42E-09,2.15E-05,8.38E-09,3.73E-05,5.00E-10,2.35E-05,1.87E-09,3.03E-05,1.43E-09,2.87E-05,2.31E-09,3.77E-05,6.93E-10,1.31E-05,6.93E-10,1.31E-05,1.75E-10,1.25E-05,9.49E-09,2.41E-05
6.90E-01,7.19E-08,4.32E-05,2.97E-10,2.42E-05,1.39E-07,4.87E-05,1.89E-08,3.73E-05,8.73E-08,4.50E-05,2.13E-09,3.08E-05,5.22E-10,1.60E-05,5.22E-10,1.60E-05,1.39E-09,2.05E-05,8.19E-09,3.61E-05,4.89E-10,2.24E-05,1.82E-09,2.91E-05,1.35E-09,2.76E-05,2.24E-09,3.63E-05,6.81E-10,1.26E-05,6.81E-10,1.26E-05,1.72E-10,1.19E-05,9.14E-09,2.34E-05
6.80E-01,7.06E-08,4.19E-05,2.87E-10,2.34E-05,1.36E-07,4.74E-05,1.85E-08,3.61E-05,8.58E-08,4.38E-05,2.09E-09,2.96E-05,4.89E-10,1.52E-05,4.89E-10,1.52E-05,1.33E-09,1.96E-05,7.96E-09,3.48E-05,4.77E-10,2.14E-05,1.78E-09,2.80E-05,1.33E-09,2.65E-05,2.18E-09,3.48E-05,6.70E-10,1.21E-05,6.70E-10,1.21E-05,1.68E-10,1.14E-05,8.80E-09,2.26E-05
6.70E-01,6.93E-08,4.07E-05,2.78E-10,2.26E-05,1.33E-07,4.61E-05,1.81E-08,3.50E-05,8.43E-08,4.25E-05,2.05E-09,2.85E-05,4.89E-10,1.44E-05,4.89E-10,1.44E-05,1.29E-09,1.87E-05,7.74E-09,3.36E-05,4.55E-10,2.04E-05,1.75E-09,2.68E-05,1.28E-09,2.54E-05,2.11E-09,3.34E-05,6.59E-10,1.15E-05,6.59E-10,1.15E-05,1.65E-10,1.08E-05,8.48E-09,2.18E-05
6.60E-01,6.80E-08,3.95E-05,2.69E-10,2.17E-05,1.31E-07,4.49E-05,1.78E-08,3.38E-05,8.29E-08,4.13E-05,2.01E-09,2.74E-05,4.77E-10,1.36E-05,4.77E-10,1.36E-05,1.26E-09,1.77E-05,7.54E-09,3.24E-05,4.55E-10,1.94E-05,1.72E-09,2.57E-05,1.23E-09,2.43E-05,2.03E-09,3.20E-05,6.48E-10,1.10E-05,6.48E-10,1.10E-05,1.61E-10,1.03E-05,8.17E-09,2.11E-05
6.50E-01,6.68E-08,3.82E-05,2.61E-10,2.09E-05,1.28E-07,4.36E-05,1.74E-08,3.27E-05,8.14E-08,4.01E-05,1.98E-09,2.62E-05,4.66E-10,1.28E-05,4.66E-10,1.28E-05,1.21E-09,1.68E-05,7.34E-09,3.12E-05,4.44E-10,1.84E-05,1.69E-09,2.46E-05,1.19E-09,2.33E-05,1.99E-09,3.06E-05,6.37E-10,1.05E-05,6.37E-10,1.05E-05,1.58E-10,9.80E-06,7.86E-09,2.03E-05
6.40E-01,6.56E-08,3.70E-05,2.52E-10,2.01E-05,1.26E-07,4.24E-05,1.71E-08,3.16E-05,8.00E-08,3.89E-05,1.94E-09,2.51E-05,4.55E-10,1.21E-05,4.55E-10,1.21E-05,1.18E-09,1.60E-05,7.13E-09,3.00E-05,4.33E-10,1.75E-05,1.67E-09,2.35E-05,1.16E-09,2.23E-05,1.92E-09,2.93E-05,6.26E-10,9.98E-06,6.26E-10,9.98E-06,1.55E-10,9.28E-06,7.57E-09,1.95E-05
6.30E-01,6.43E-08,3.58E-05,2.44E-10,1.92E-05,1.23E-07,4.11E-05,1.68E-08,3.04E-05,7.86E-08,3.77E-05,1.90E-09,2.40E-05,4.33E-10,1.14E-05,4.33E-10,1.14E-05,1.13E-09,1.51E-05,6.94E-09,2.88E-05,4.33E-10,1.65E-05,1.63E-09,2.24E-05,1.11E-09,2.13E-05,1.85E-09,2.79E-05,6.15E-10,9.48E-06,6.15E-10,9.48E-06,1.51E-10,8.78E-06,7.29E-09,1.88E-05
6.20E-01,6.31E-08,3.46E-05,2.36E-10,1.84E-05,1.21E-07,3.99E-05,1.64E-08,2.93E-05,7.72E-08,3.65E-05,1.87E-09,2.29E-05,4.22E-10,1.07E-05,4.22E-10,1.07E-05,1.11E-09,1.43E-05,6.73E-09,2.76E-05,4.11E-10,1.56E-05,1.60E-09,2.14E-05,1.08E-09,2.03E-05,1.79E-09,2.66E-05,6.04E-10,8.98E-06,6.04E-10,8.98E-06,1.48E-10,8.28E-06,7.01E-09,1.81E-05
6.10E-01,6.19E-08,3.34E-05,2.28E-10,1.76E-05,1.18E-07,3.86E-05,1.61E-08,2.82E-05,7.58E-08,3.53E-05,1.83E-09,2.18E-05,4.11E-10,9.96E-06,4.11E-10,9.96E-06,1.07E-09,1.35E-05,6.54E-09,2.65E-05,4.00E-10,1.47E-05,1.58E-09,2.03E-05,1.03E-09,1.93E-05,1.74E-09,2.53E-05,5.94E-10,8.49E-06,5.94E-10,8.49E-06,1.45E-10,7.78E-06,6.75E-09,1.73E-05
6.00E-01,6.07E-08,3.22E-05,2.21E-10,1.67E-05,1.16E-07,3.74E-05,1.58E-08,2.71E-05,7.44E-08,3.41E-05,1.80E-09,2.08E-05,4.00E-10,9.29E-06,4.00E-10,9.29E-06,1.04E-09,1.27E-05,6.36E-09,2.53E-05,4.00E-10,1.39E-05,1.55E-09,1.93E-05,1.01E-09,1.84E-05,1.69E-09,2.40E-05,5.83E-10,8.01E-06,5.83E-10,8.01E-06,1.42E-10,7.30E-06,6.49E-09,1.66E-05
5.90E-01,5.95E-08,3.10E-05,2.13E-10,1.59E-05,1.13E-07,3.62E-05,1.55E-08,2.60E-05,7.31E-08,3.30E-05,1.77E-09,1.97E-05,3.89E-10,8.64E-06,3.89E-10,8.64E-06,9.99E-10,1.19E-05,6.17E-09,2.42E-05,3.89E-10,1.30E-05,1.51E-09,1.83E-05,9.66E-10,1.74E-05,1.64E-09,2.28E-05,5.73E-10,7.54E-06,5.73E-10,7.54E-06,1.39E-10,6.82E-06,6.25E-09,1.59E-05
5.80E-01,5.84E-08,2.99E-05,2.06E-10,1.51E-05,1.11E-07,3.50E-05,1.52E-08,2.49E-05,7.17E-08,3.18E-05,1.73E-09,1.87E-05,3.89E-10,8.01E-06,3.89E-10,8.01E-06,9.55E-10,1.12E-05,5.98E-09,2.31E-05,3.78E-10,1.22E-05,1.48E-09,1.73E-05,9.33E-10,1.65E-05,1.57E-09,2.16E-05,5.62E-10,7.08E-06,5.62E-10,7.08E-06,1.36E-10,6.36E-06,6.01E-09,1.51E-05
5.70E-01,5.72E-08,2.87E-05,1.99E-10,1.43E-05,1.09E-07,3.38E-05,1.49E-08,2.39E-05,7.04E-08,3.06E-05,1.70E-09,1.76E-05,3.66E-10,7.41E-06,3.66E-10,7.41E-06,9.22E-10,1.04E-05,5.81E-09,2.20E-05,3.66E-10,1.14E-05,1.45E-09,1.64E-05,8.88E-10,1.56E-05,1.51E-09,2.04E-05,5.52E-10,6.62E-06,5.52E-10,6.62E-06,1.33E-10,5.91E-06,5.78E-09,1.44E-05
5.60E-01,5.61E-08,2.76E-05,1.93E-10,1.35E-05,1.07E-07,3.26E-05,1.46E-08,2.28E-05,6.91E-08,2.95E-05,1.67E-09,1.66E-05,3.55E-10,6.83E-06,3.55E-10,6.83E-06,8.77E-10,9.72E-06,5.63E-09,2.10E-05,3.55E-10,1.06E-05,1.41E-09,1.55E-05,8.66E-10,1.48E-05,1.47E-09,1.92E-05,5.42E-10,6.18E-06,5.42E-10,6.18E-06,1.30E-10,5.46E-06,5.55E-09,1.37E-05
5.50E-01,5.49E-08,2.65E-05,1.86E-10,1.26E-05,1.04E-07,3.14E-05,1.43E-08,2.17E-05,6.78E-08,2.84E-05,1.64E-09,1.56E-05,3.44E-10,6.27E-06,3.44E-10,6.27E-06,8.55E-10,9.04E-06,5.46E-09,1.99E-05,3.44E-10,9.86E-06,1.39E-09,1.45E-05,8.33E-10,1.39E-05,1.41E-09,1.81E-05,5.32E-10,5.75E-06,5.32E-10,5.75E-06,1.27E-10,5.04E-06,5.34E-09,1.30E-05
5.40E-01,5.39E-08,2.53E-05,1.80E-10,1.18E-05,1.02E-07,3.02E-05,1.40E-08,2.07E-05,6.65E-08,2.73E-05,1.60E-09,1.47E-05,3.44E-10,5.74E-06,3.44E-10,5.74E-06,8.33E-10,8.38E-06,5.30E-09,1.89E-05,3.44E-10,9.14E-06,1.37E-09,1.37E-05,8.11E-10,1.31E-05,1.37E-09,1.70E-05,5.22E-10,5.33E-06,5.22E-10,5.33E-06,1.24E-10,4.62E-06,5.13E-09,1.24E-05
5.30E-01,5.28E-08,2.42E-05,1.74E-10,1.11E-05,1.00E-07,2.90E-05,1.37E-08,1.97E-05,6.52E-08,2.62E-05,1.57E-09,1.37E-05,3.33E-10,5.23E-06,3.33E-10,5.23E-06,8.11E-10,7.75E-06,5.14E-09,1.79E-05,3.33E-10,8.44E-06,1.34E-09,1.28E-05,7.88E-10,1.23E-05,1.32E-09,1.59E-05,5.12E-10,4.92E-06,5.12E-10,4.92E-06,1.21E-10,4.22E-06,4.93E-09,1.17E-05
5.20E-01,5.17E-08,2.31E-05,1.68E-10,1.03E-05,9.79E-08,2.79E-05,1.34E-08,1.87E-05,6.40E-08,2.51E-05,1.54E-09,1.28E-05,3.22E-10,4.75E-06,3.22E-10,4.75E-06,7.66E-10,7.14E-06,4.97E-09,1.69E-05,3.22E-10,7.77E-06,1.31E-09,1.20E-05,7.55E-10,1.16E-05,1.28E-09,1.49E-05,5.02E-10,4.53E-06,5.02E-10,4.53E-06,1.18E-10,3.83E-06,4.74E-09,1.10E-05
5.10E-01,5.06E-08,2.21E-05,1.62E-10,9.51E-06,9.58E-08,2.67E-05,1.31E-08,1.77E-05,6.28E-08,2.40E-05,1.51E-09,1.19E-05,3.11E-10,4.29E-06,3.11E-10,4.29E-06,7.44E-10,6.56E-06,4.81E-09,1.60E-05,3.11E-10,7.12E-06,1.28E-09,1.11E-05,7.22E-10,1.08E-05,1.23E-09,1.39E-05,4.92E-10,4.15E-06,4.92E-10,4.15E-06,1.16E-10,3.47E-06,4.55E-09,1.04E-05
5.00E-01,4.96E-08,2.10E-05,1.56E-10,8.76E-06,9.37E-08,2.56E-05,1.29E-08,1.67E-05,6.15E-08,2.29E-05,1.48E-09,1.10E-05,3.00E-10,3.86E-06,3.00E-10,3.86E-06,7.11E-10,6.00E-06,4.66E-09,1.50E-05,3.05E-10,6.51E-06,1.26E-09,1.04E-05,6.99E-10,1.01E-05,1.17E-09,1.29E-05,4.82E-10,3.78E-06,4.82E-10,3.78E-06,1.13E-10,3.12E-06,4.37E-09,9.73E-06
4.90E-01,4.85E-08,2.00E-05,1.51E-10,8.02E-06,9.16E-08,2.45E-05,1.26E-08,1.57E-05,6.03E-08,2.19E-05,1.45E-09,1.01E-05,2.94E-10,3.45E-06,2.94E-10,3.45E-06,6.94E-10,5.47E-06,4.51E-09,1.41E-05,3.05E-10,5.92E-06,1.23E-09,9.59E-06,6.72E-10,9.38E-06,1.13E-09,1.19E-05,4.73E-10,3.43E-06,4.73E-10,3.43E-06,1.10E-10,2.79E-06,4.19E-09,9.11E-06
4.80E-01,4.75E-08,1.89E-05,1.45E-10,7.30E-06,8.97E-08,2.34E-05,1.23E-08,1.47E-05,5.91E-08,2.08E-05,1.43E-09,9.28E-06,2.78E-10,3.08E-06,2.78E-10,3.08E-06,6.66E-10,4.97E-06,4.36E-09,1.32E-05,2.89E-10,5.36E-06,1.20E-09,8.86E-06,6.44E-10,8.70E-06,1.09E-09,1.10E-05,4.63E-10,3.10E-06,4.63E-10,3.10E-06,1.08E-10,2.48E-06,4.03E-09,8.50E-06
4.70E-01,4.64E-08,1.79E-05,1.40E-10,6.60E-06,8.77E-08,2.23E-05,1.21E-08,1.38E-05,5.79E-08,1.98E-05,1.40E-09,8.48E-06,2.78E-10,2.73E-06,2.78E-10,2.73E-06,6.44E-10,4.49E-06,4.21E-09,1.23E-05,2.89E-10,4.83E-06,1.18E-09,8.16E-06,6.33E-10,8.04E-06,1.06E-09,1.01E-05,4.53E-10,2.78E-06,4.53E-10,2.78E-06,1.05E-10,2.19E-06,3.86E-09,7.90E-06
4.60E-01,4.54E-08,1.69E-05,1.35E-10,5.93E-06,8.57E-08,2.12E-05,1.18E-08,1.29E-05,5.68E-08,1.88E-05,1.37E-09,7.71E-06,2.67E-10,2.40E-06,2.67E-10,2.40E-06,6.22E-10,4.04E-06,4.08E-09,1.15E-05,2.83E-10,4.34E-06,1.16E-09,7.48E-06,6.05E-10,7.41E-06,1.02E-09,9.24E-06,4.44E-10,2.48E-06,4.44E-10,2.48E-06,1.02E-10,1.92E-06,3.71E-09,7.31E-06
4.50E-01,4.44E-08,1.59E-05,1.30E-10,5.29E-06,8.38E-08,2.01E-05,1.16E-08,1.20E-05,5.56E-08,1.78E-05,1.34E-09,6.99E-06,2.61E-10,2.10E-06,2.61E-10,2.10E-06,5.94E-10,3.61E-06,3.94E-09,1.06E-05,2.67E-10,3.87E-06,1.13E-09,6.83E-06,5.77E-10,6.81E-06,9.77E-10,8.42E-06,4.34E-10,2.20E-06,4.34E-10,2.20E-06,9.98E-11,1.67E-06,3.55E-09,6.75E-06
4.40E-01,4.35E-08,1.50E-05,1.26E-10,4.67E-06,8.19E-08,1.91E-05,1.13E-08,1.11E-05,5.45E-08,1.68E-05,1.32E-09,6.29E-06,2.61E-10,1.83E-06,2.61E-10,1.83E-06,5.66E-10,3.22E-06,3.80E-09,9.83E-06,2.67E-10,3.44E-06,1.11E-09,6.21E-06,5.55E-10,6.22E-06,9.33E-10,7.64E-06,4.25E-10,1.94E-06,4.25E-10,1.94E-06,9.72E-11,1.45E-06,3.41E-09,6.20E-06
4.30E-01,4.25E-08,1.40E-05,1.21E-10,4.10E-06,8.01E-08,1.81E-05,1.11E-08,1.03E-05,5.33E-08,1.59E-05,1.29E-09,5.64E-06,2.44E-10,1.59E-06,2.44E-10,1.59E-06,5.50E-10,2.85E-06,3.67E-09,9.06E-06,2.55E-10,3.03E-06,1.08E-09,5.63E-06,5.33E-10,5.67E-06,8.99E-10,6.90E-06,4.16E-10,1.70E-06,4.16E-10,1.70E-06,9.47E-11,1.25E-06,3.27E-09,5.67E-06
4.20E-01,4.15E-08,1.31E-05,1.17E-10,3.56E-06,7.83E-08,1.71E-05,1.08E-08,9.45E-06,5.22E-08,1.49E-05,1.26E-09,5.03E-06,2.39E-10,1.37E-06,2.39E-10,1.37E-06,5.22E-10,2.50E-06,3.54E-09,8.31E-06,2.50E-10,2.66E-06,1.06E-09,5.07E-06,5.22E-10,5.13E-06,8.66E-10,6.19E-06,4.06E-10,1.48E-06,4.06E-10,1.48E-06,9.22E-11,1.07E-06,3.13E-09,5.16E-06
4.10E-01,4.06E-08,1.22E-05,1.12E-10,3.06E-06,7.65E-08,1.61E-05,1.06E-08,8.67E-06,5.11E-08,1.40E-05,1.24E-09,4.46E-06,2.22E-10,1.17E-06,2.22E-10,1.17E-06,5.05E-10,2.19E-06,3.42E-09,7.59E-06,2.33E-10,2.32E-06,1.02E-09,4.55E-06,5.05E-10,4.63E-06,8.22E-10,5.53E-06,3.97E-10,1.28E-06,3.97E-10,1.28E-06,8.98E-11,9.07E-07,3.00E-09,4.67E-06
4.00E-01,3.97E-08,1.14E-05,1.08E-10,2.60E-06,7.47E-08,1.51E-05,1.03E-08,7.91E-06,5.00E-08,1.31E-05,1.21E-09,3.94E-06,2.17E-10,9.97E-07,2.17E-10,9.97E-07,4.83E-10,1.90E-06,3.29E-09,6.91E-06,2.28E-10,2.01E-06,9.99E-10,4.06E-06,4.77E-10,4.15E-06,7.88E-10,4.90E-06,3.88E-10,1.10E-06,3.88E-10,1.10E-06,8.74E-11,7.66E-07,2.87E-09,4.20E-06
3.90E-01,3.88E-08,1.05E-05,1.04E-10,2.19E-06,7.30E-08,1.41E-05,1.01E-08,7.19E-06,4.90E-08,1.22E-05,1.18E-09,3.46E-06,2.11E-10,8.44E-07,2.11E-10,8.44E-07,4.72E-10,1.64E-06,3.18E-09,6.25E-06,2.28E-10,1.73E-06,9.77E-10,3.60E-06,4.72E-10,3.70E-06,7.61E-10,4.32E-06,3.79E-10,9.40E-07,3.79E-10,9.40E-07,8.50E-11,6.44E-07,2.75E-09,3.76E-06
3.80E-01,3.79E-08,9.72E-06,1.00E-10,1.83E-06,7.12E-08,1.32E-05,9.88E-09,6.50E-06,4.79E-08,1.14E-05,1.16E-09,3.02E-06,2.05E-10,7.12E-07,2.05E-10,7.12E-07,4.55E-10,1.41E-06,3.06E-09,5.62E-06,2.22E-10,1.47E-06,9.60E-10,3.17E-06,4.44E-10,3.27E-06,7.33E-10,3.78E-06,3.70E-10,7.98E-07,3.70E-10,7.98E-07,8.26E-11,5.39E-07,2.63E-09,3.34E-06
3.70E-01,3.70E-08,8.94E-06,9.65E-11,1.50E-06,6.96E-08,1.23E-05,9.65E-09,5.85E-06,4.69E-08,1.05E-05,1.13E-09,2.62E-06,2.00E-10,5.97E-07,2.00E-10,5.97E-07,4.27E-10,1.20E-06,2.95E-09,5.03E-06,2.17E-10,1.25E-06,9.33E-10,2.78E-06,4.39E-10,2.88E-06,6.99E-10,3.28E-06,3.61E-10,6.72E-07,3.61E-10,6.72E-07,8.02E-11,4.48E-07,2.51E-09,2.94E-06
3.60E-01,3.61E-08,8.19E-06,9.29E-11,1.23E-06,6.79E-08,1.14E-05,9.43E-09,5.23E-06,4.59E-08,9.73E-06,1.11E-09,2.26E-06,1.94E-10,4.99E-07,1.94E-10,4.99E-07,4.16E-10,1.02E-06,2.84E-09,4.48E-06,2.11E-10,1.06E-06,9.10E-10,2.42E-06,4.22E-10,2.51E-06,6.72E-10,2.82E-06,3.52E-10,5.63E-07,3.52E-10,5.63E-07,7.79E-11,3.72E-07,2.40E-09,2.58E-06
3.50E-01,3.53E-08,7.47E-06,8.93E-11,9.89E-07,6.63E-08,1.06E-05,9.21E-09,4.66E-06,4.48E-08,8.96E-06,1.09E-09,1.94E-06,1.89E-10,4.15E-07,1.89E-10,4.15E-07,4.00E-10,8.53E-07,2.73E-09,3.96E-06,2.00E-10,8.83E-07,8.83E-10,2.09E-06,4.00E-10,2.17E-06,6.33E-10,2.41E-06,3.42E-10,4.69E-07,3.42E-10,4.69E-07,7.56E-11,3.07E-07,2.30E-09,2.24E-06
3.40E-01,3.44E-08,6.78E-06,8.58E-11,7.90E-07,6.47E-08,9.74E-06,8.99E-09,4.13E-06,4.39E-08,8.21E-06,1.06E-09,1.66E-06,1.83E-10,3.44E-07,1.83E-10,3.44E-07,3.78E-10,7.12E-07,2.63E-09,3.47E-06,1.89E-10,7.35E-07,8.66E-10,1.80E-06,3.78E-10,1.86E-06,6.05E-10,2.04E-06,3.33E-10,3.89E-07,3.33E-10,3.89E-07,7.33E-11,2.53E-07,2.19E-09,1.94E-06
3.30E-01,3.36E-08,6.13E-06,8.25E-11,6.25E-07,6.31E-08,8.94E-06,8.78E-09,3.64E-06,4.29E-08,7.49E-06,1.04E-09,1.41E-06,1.78E-10,2.85E-07,1.78E-10,2.85E-07,3.61E-10,5.91E-07,2.53E-09,3.02E-06,1.89E-10,6.08E-07,8.44E-10,1.53E-06,3.61E-10,1.58E-06,5.77E-10,1.72E-06,3.24E-10,3.21E-07,3.24E-10,3.21E-07,7.10E-11,2.08E-07,2.09E-09,1.66E-06
3.20E-01,3.28E-08,5.51E-06,7.92E-11,4.90E-07,6.16E-08,8.18E-06,8.57E-09,3.18E-06,4.19E-08,6.80E-06,1.01E-09,1.19E-06,1.72E-10,2.35E-07,1.72E-10,2.35E-07,3.50E-10,4.88E-07,2.43E-09,2.61E-06,1.83E-10,4.99E-07,8.22E-10,1.30E-06,3.55E-10,1.33E-06,5.61E-10,1.43E-06,3.15E-10,2.64E-07,3.15E-10,2.64E-07,6.88E-11,1.70E-07,2.00E-09,1.41E-06
3.10E-01,3.19E-08,4.93E-06,7.61E-11,3.81E-07,6.01E-08,7.44E-06,8.36E-09,2.77E-06,4.09E-08,6.15E-06,9.91E-10,1.00E-06,1.67E-10,1.93E-07,1.67E-10,1.93E-07,3.33E-10,4.00E-07,2.33E-09,2.24E-06,1.78E-10,4.08E-07,8.05E-10,1.09E-06,3.44E-10,1.10E-06,5.33E-10,1.18E-06,3.06E-10,2.17E-07,3.06E-10,2.17E-07,6.66E-11,1.39E-07,1.91E-09,1.19E-06
3.00E-01,3.12E-08,4.39E-06,7.30E-11,2.94E-07,5.86E-08,6.73E-06,8.15E-09,2.40E-06,4.00E-08,5.53E-06,9.68E-10,8.39E-07,1.67E-10,1.59E-07,1.67E-10,1.59E-07,3.28E-10,3.27E-07,2.24E-09,1.90E-06,1.78E-10,3.32E-07,7.88E-10,9.13E-07,3.33E-10,9.09E-07,5.11E-10,9.64E-07,2.97E-10,1.77E-07,2.97E-10,1.77E-07,6.43E-11,1.13E-07,1.82E-09,9.90E-07
2.90E-01,3.04E-08,3.88E-06,7.01E-11,2.25E-07,5.71E-08,6.06E-06,7.95E-09,2.07E-06,3.91E-08,4.94E-06,9.45E-10,6.98E-07,1.55E-10,1.30E-07,1.55E-10,1.30E-07,3.11E-10,2.66E-07,2.15E-09,1.60E-06,1.72E-10,2.68E-07,7.66E-10,7.58E-07,3.16E-10,7.40E-07,4.83E-10,7.82E-07,2.88E-10,1.45E-07,2.88E-10,1.45E-07,6.22E-11,9.19E-08,1.73E-09,8.22E-07
2.80E-01,2.96E-08,3.42E-06,6.72E-11,1.71E-07,5.57E-08,5.43E-06,7.74E-09,1.77E-06,3.82E-08,4.39E-06,9.23E-10,5.79E-07,1.50E-10,1.06E-07,1.50E-10,1.06E-07,2.94E-10,2.15E-07,2.06E-09,1.34E-06,1.67E-10,2.16E-07,7.44E-10,6.25E-07,3.05E-10,5.96E-07,4.61E-10,6.31E-07,2.79E-10,1.18E-07,2.79E-10,1.18E-07,6.00E-11,7.45E-08,1.65E-09,6.77E-07
2.70E-01,2.88E-08,2.99E-06,6.44E-11,1.30E-07,5.43E-08,4.83E-06,7.54E-09,1.51E-06,3.73E-08,3.88E-06,9.01E-10,4.77E-07,1.44E-10,8.67E-08,1.44E-10,8.67E-08,2.83E-10,1.74E-07,1.98E-09,1.10E-06,1.61E-10,1.73E-07,7.27E-10,5.12E-07,2.94E-10,4.74E-07,4.39E-10,5.05E-07,2.70E-10,9.56E-08,2.70E-10,9.56E-08,5.78E-11,6.02E-08,1.57E-09,5.54E-07
2.60E-01,2.81E-08,2.60E-06,6.17E-11,9.73E-08,5.29E-08,4.27E-06,7.35E-09,1.28E-06,3.64E-08,3.40E-06,8.79E-10,3.92E-07,1.39E-10,7.05E-08,1.39E-10,7.05E-08,2.72E-10,1.40E-07,1.89E-09,9.06E-07,1.55E-10,1.38E-07,7.05E-10,4.17E-07,2.83E-10,3.74E-07,4.22E-10,4.02E-07,2.61E-10,7.76E-08,2.61E-10,7.76E-08,5.57E-11,4.85E-08,1.49E-09,4.51E-07
2.50E-01,2.74E-08,2.25E-06,5.91E-11,7.27E-08,5.15E-08,3.74E-06,7.15E-09,1.07E-06,3.55E-08,2.96E-06,8.57E-10,3.20E-07,1.39E-10,5.72E-08,1.39E-10,5.72E-08,2.58E-10,1.12E-07,1.82E-09,7.37E-07,1.50E-10,1.10E-07,6.88E-10,3.38E-07,2.72E-10,2.92E-07,3.97E-10,3.19E-07,2.52E-10,6.29E-08,2.52E-10,6.29E-08,5.35E-11,3.89E-08,1.41E-09,3.65E-07
2.40E-01,2.66E-08,1.93E-06,5.66E-11,5.40E-08,5.02E-08,3.26E-06,6.96E-09,8.99E-07,3.46E-08,2.56E-06,8.35E-10,2.60E-07,1.31E-10,4.63E-08,1.31E-10,4.63E-08,2.44E-10,8.93E-08,1.74E-09,5.95E-07,1.47E-10,8.66E-08,6.69E-10,2.72E-07,2.61E-10,2.26E-07,3.78E-10,2.51E-07,2.43E-10,5.09E-08,2.43E-10,5.09E-08,5.14E-11,3.11E-08,1.34E-09,2.94E-07
2.30E-01,2.59E-08,1.65E-06,5.42E-11,4.00E-08,4.89E-08,2.82E-06,6.77E-09,7.48E-07,3.38E-08,2.20E-06,8.14E-10,2.10E-07,1.28E-10,3.74E-08,1.28E-10,3.74E-08,2.39E-10,7.11E-08,1.66E-09,4.77E-07,1.44E-10,6.81E-08,6.55E-10,2.18E-07,2.55E-10,1.73E-07,3.64E-10,1.98E-07,2.34E-10,4.11E-08,2.34E-10,4.11E-08,4.93E-11,2.47E-08,1.27E-09,2.36E-07
2.20E-01,2.52E-08,1.40E-06,5.18E-11,2.94E-08,4.76E-08,2.42E-06,6.58E-09,6.20E-07,3.30E-08,1.88E-06,7.93E-10,1.68E-07,1.25E-10,3.00E-08,1.25E-10,3.00E-08,2.28E-10,5.63E-08,1.59E-09,3.80E-07,1.39E-10,5.33E-08,6.36E-10,1.74E-07,2.42E-10,1.32E-07,3.44E-10,1.55E-07,2.25E-10,3.31E-08,2.25E-10,3.31E-08,4.72E-11,1.95E-08,1.20E-09,1.88E-07
2.10E-01,2.46E-08,1.18E-06,4.95E-11,2.15E-08,4.63E-08,2.06E-06,6.39E-09,5.11E-07,3.21E-08,1.59E-06,7.71E-10,1.34E-07,1.22E-10,2.40E-08,1.22E-10,2.40E-08,2.14E-10,4.45E-08,1.52E-09,3.02E-07,1.36E-10,4.15E-08,6.16E-10,1.38E-07,2.33E-10,9.95E-08,3.22E-10,1.21E-07,2.16E-10,2.66E-08,2.16E-10,2.66E-08,4.52E-11,1.53E-08,1.14E-09,1.50E-07
2.00E-01,2.39E-08,9.95E-07,4.72E-11,1.57E-08,4.50E-08,1.74E-06,6.21E-09,4.19E-07,3.13E-08,1.34E-06,7.50E-10,1.07E-07,1.17E-10,1.91E-08,1.17E-10,1.91E-08,2.05E-10,3.49E-08,1.45E-09,2.38E-07,1.28E-10,3.21E-08,6.00E-10,1.09E-07,2.25E-10,7.48E-08,3.05E-10,9.38E-08,2.07E-10,2.14E-08,2.07E-10,2.14E-08,4.32E-11,1.20E-08,1.08E-09,1.19E-07
1.90E-01,2.32E-08,8.32E-07,4.51E-11,1.14E-08,4.38E-08,1.46E-06,6.02E-09,3.41E-07,3.05E-08,1.12E-06,7.29E-10,8.42E-08,1.14E-10,1.51E-08,1.14E-10,1.51E-08,1.97E-10,2.73E-08,1.39E-09,1.87E-07,1.28E-10,2.47E-08,5.86E-10,8.60E-08,2.19E-10,5.59E-08,2.91E-10,7.26E-08,1.98E-10,1.71E-08,1.98E-10,1.71E-08,4.12E-11,9.26E-09,1.02E-09,9.42E-08
1.80E-01,2.26E-08,6.92E-07,4.29E-11,8.26E-09,4.26E-08,1.22E-06,5.84E-09,2.77E-07,2.97E-08,9.31E-07,7.09E-10,6.60E-08,1.08E-10,1.19E-08,1.08E-10,1.19E-08,1.92E-10,2.12E-08,1.32E-09,1.46E-07,1.22E-10,1.89E-08,5.66E-10,6.73E-08,2.05E-10,4.16E-08,2.80E-10,5.60E-08,1.89E-10,1.36E-08,1.89E-10,1.36E-08,3.93E-11,7.11E-09,9.62E-10,7.42E-08
1.70E-01,2.19E-08,5.74E-07,4.09E-11,5.95E-09,4.14E-08,1.00E-06,5.66E-09,2.24E-07,2.89E-08,7.69E-07,6.88E-10,5.15E-08,1.06E-10,9.30E-09,1.06E-10,9.30E-09,1.78E-10,1.64E-08,1.26E-09,1.14E-07,1.17E-10,1.44E-08,5.50E-10,5.24E-08,2.00E-10,3.08E-08,2.58E-10,4.29E-08,1.81E-10,1.08E-08,1.81E-10,1.08E-08,3.73E-11,5.41E-09,9.07E-10,5.82E-08
1.60E-01,2.13E-08,4.73E-07,3.89E-11,4.27E-09,4.02E-08,8.23E-07,5.48E-09,1.79E-07,2.82E-08,6.32E-07,6.67E-10,3.99E-08,9.99E-11,7.23E-09,9.99E-11,7.23E-09,1.72E-10,1.26E-08,1.20E-09,8.85E-08,1.17E-10,1.09E-08,5.33E-10,4.05E-08,1.89E-10,2.27E-08,2.47E-10,3.27E-08,1.72E-10,8.54E-09,1.72E-10,8.54E-09,3.55E-11,4.08E-09,8.54E-10,4.54E-08
1.50E-01,2.06E-08,3.89E-07,3.69E-11,3.06E-09,3.91E-08,6.71E-07,5.29E-09,1.43E-07,2.74E-08,5.17E-07,6.46E-10,3.07E-08,9.71E-11,5.58E-09,9.71E-11,5.58E-09,1.64E-10,9.56E-09,1.14E-09,6.84E-08,1.14E-10,8.18E-09,5.19E-10,3.12E-08,1.86E-10,1.66E-08,2.30E-10,2.48E-08,1.64E-10,6.72E-09,1.64E-10,6.72E-09,3.36E-11,3.05E-09,8.04E-10,3.53E-08
1.40E-01,2.00E-08,3.18E-07,3.50E-11,2.18E-09,3.79E-08,5.44E-07,5.11E-09,1.14E-07,2.66E-08,4.21E-07,6.24E-10,2.35E-08,9.44E-11,4.28E-09,9.44E-11,4.28E-09,1.55E-10,7.23E-09,1.08E-09,5.26E-08,1.08E-10,6.12E-09,5.02E-10,2.39E-08,1.78E-10,1.21E-08,2.17E-10,1.86E-08,1.56E-10,5.25E-09,1.56E-10,5.25E-09,3.18E-11,2.25E-09,7.55E-10,2.72E-08
1.30E-01,1.94E-08,2.59E-07,3.31E-11,1.55E-09,3.67E-08,4.39E-07,4.92E-09,8.98E-08,2.59E-08,3.41E-07,6.03E-10,1.79E-08,9.16E-11,3.26E-09,9.16E-11,3.26E-09,1.50E-10,5.43E-09,1.03E-09,4.02E-08,1.06E-10,4.55E-09,4.89E-10,1.81E-08,1.72E-10,8.79E-09,2.05E-10,1.38E-08,1.48E-10,4.07E-09,1.48E-10,4.07E-09,3.00E-11,1.65E-09,7.08E-10,2.08E-08
1.20E-01,1.88E-08,2.11E-07,3.12E-11,1.09E-09,3.56E-08,3.53E-07,4.73E-09,7.04E-08,2.51E-08,2.76E-07,5.80E-10,1.35E-08,8.74E-11,2.46E-09,8.74E-11,2.46E-09,1.42E-10,4.04E-09,9.76E-10,3.05E-08,9.99E-11,3.36E-09,4.73E-10,1.37E-08,1.62E-10,6.35E-09,1.94E-10,1.02E-08,1.40E-10,3.14E-09,1.40E-10,3.14E-09,2.83E-11,1.19E-09,6.63E-10,1.58E-08
1.10E-01,1.81E-08,1.70E-07,2.94E-11,7.70E-10,3.44E-08,2.83E-07,4.53E-09,5.49E-08,2.43E-08,2.22E-07,5.57E-10,1.02E-08,8.47E-11,1.85E-09,8.47E-11,1.85E-09,1.36E-10,2.99E-09,9.26E-10,2.30E-08,9.85E-11,2.48E-09,4.58E-10,1.03E-08,1.58E-10,4.56E-09,1.80E-10,7.38E-09,1.31E-10,2.39E-09,1.31E-10,2.39E-09,2.65E-11,8.49E-10,6.18E-10,1.19E-08
1.00E-01,1.75E-08,1.37E-07,2.75E-11,5.38E-10,3.32E-08,2.26E-07,4.33E-09,4.24E-08,2.35E-08,1.78E-07,5.34E-10,7.57E-09,8.19E-11,1.38E-09,8.19E-11,1.38E-09,1.26E-10,2.19E-09,8.73E-10,1.72E-08,9.30E-11,1.81E-09,4.41E-10,7.64E-09,1.49E-10,3.26E-09,1.69E-10,5.29E-09,1.23E-10,1.80E-09,1.23E-10,1.80E-09,2.48E-11,5.99E-10,5.75E-10,8.84E-09
9.00E-02,1.68E-08,1.09E-07,2.56E-11,3.74E-10,3.20E-08,1.79E-07,4.12E-09,3.26E-08,2.26E-08,1.42E-07,5.08E-10,5.59E-09,7.77E-11,1.02E-09,7.77E-11,1.02E-09,1.21E-10,1.60E-09,8.20E-10,1.27E-08,9.16E-11,1.31E-09,4.27E-10,5.65E-09,1.44E-10,2.32E-09,1.58E-10,3.73E-09,1.15E-10,1.34E-09,1.15E-10,1.34E-09,2.31E-11,4.17E-10,5.32E-10,6.48E-09
8.00E-02,1.61E-08,8.66E-08,2.36E-11,2.58E-10,3.06E-08,1.42E-07,3.89E-09,2.47E-08,2.17E-08,1.12E-07,4.81E-10,4.09E-09,7.63E-11,7.48E-10,7.63E-11,7.48E-10,1.14E-10,1.15E-09,7.69E-10,9.21E-09,8.74E-11,9.48E-10,4.09E-10,4.14E-09,1.37E-10,1.64E-09,1.47E-10,2.58E-09,1.07E-10,9.84E-10,1.07E-10,9.84E-10,2.13E-11,2.86E-10,4.89E-10,4.68E-09
7.00E-02,1.53E-08,6.80E-08,2.16E-11,1.75E-10,2.92E-08,1.12E-07,3.64E-09,1.85E-08,2.08E-08,8.83E-08,4.51E-10,2.96E-09,7.22E-11,5.44E-10,7.22E-11,5.44E-10,1.07E-10,8.22E-10,7.16E-10,6.59E-09,8.33E-11,6.80E-10,3.91E-10,3.00E-09,1.29E-10,1.15E-09,1.36E-10,1.74E-09,9.80E-11,7.07E-10,9.80E-11,7.07E-10,1.94E-11,1.93E-10,4.45E-10,3.32E-09
6.00E-02,1.44E-08,5.26E-08,1.95E-11,1.17E-10,2.76E-08,8.69E-08,3.36E-09,1.37E-08,1.96E-08,6.86E-08,4.17E-10,2.11E-09,6.73E-11,3.89E-10,6.73E-11,3.89E-10,1.01E-10,5.79E-10,6.59E-10,4.61E-09,7.84E-11,4.81E-10,3.71E-10,2.15E-09,1.22E-10,7.99E-10,1.24E-10,1.15E-09,8.86E-11,4.97E-10,8.86E-11,4.97E-10,1.75E-11,1.27E-10,3.99E-10,2.30E-09
5.00E-02,1.34E-08,3.98E-08,1.71E-11,7.68E-11,2.56E-08,6.65E-08,3.04E-09,9.84E-09,1.82E-08,5.22E-08,3.78E-10,1.46E-09,6.31E-11,2.72E-10,6.31E-11,2.72E-10,9.16E-11,4.01E-10,5.95E-10,3.13E-09,7.36E-11,3.33E-10,3.44E-10,1.50E-09,1.13E-10,5.45E-10,1.10E-10,7.37E-10,7.84E-11,3.38E-10,7.84E-11,3.38E-10,1.54E-11,8.14E-11,3.51E-10,1.54E-09
4.00E-02,1.21E-08,2.92E-08,1.46E-11,4.85E-11,2.30E-08,4.95E-08,2.65E-09,6.82E-09,1.65E-08,3.85E-08,3.30E-10,9.80E-10,5.69E-11,1.85E-10,5.69E-11,1.85E-10,8.26E-11,2.68E-10,5.24E-10,2.03E-09,6.66E-11,2.23E-10,3.12E-10,1.02E-09,1.03E-10,3.62E-10,9.71E-11,4.51E-10,6.70E-11,2.20E-10,6.70E-11,2.20E-10,1.31E-11,5.01E-11,2.99E-10,9.94E-10
3.00E-02,1.03E-08,2.01E-08,1.17E-11,2.88E-11,1.97E-08,3.48E-08,2.18E-09,4.45E-09,1.41E-08,2.68E-08,2.73E-10,6.17E-10,4.82E-11,1.18E-10,4.82E-11,1.18E-10,6.94E-11,1.69E-10,4.35E-10,1.23E-09,5.66E-11,1.41E-10,2.65E-10,6.46E-10,8.78E-11,2.26E-10,7.95E-11,2.57E-10,5.39E-11,1.33E-10,5.39E-11,1.33E-10,1.05E-11,2.89E-11,2.40E-10,5.99E-10
2.00E-02,7.88E-09,1.24E-08,8.36E-12,1.53E-11,1.50E-08,2.20E-08,1.60E-09,2.58E-09,1.08E-08,1.66E-08,2.01E-10,3.47E-10,3.68E-11,6.66E-11,3.68E-11,6.66E-11,5.24E-11,9.54E-11,3.23E-10,6.55E-10,4.30E-11,7.91E-11,2.00E-10,3.64E-10,6.70E-11,1.26E-10,5.79E-11,1.29E-10,3.88E-11,7.16E-11,3.88E-11,7.16E-11,7.51E-12,1.48E-11,1.73E-10,3.21E-10
1.00E-02,4.53E-09,5.69E-09,4.50E-12,6.08E-12,8.62E-09,1.04E-08,8.85E-10,1.13E-09,6.20E-09,7.72E-09,1.11E-10,1.46E-10,2.08E-11,2.79E-11,2.08E-11,2.79E-11,2.97E-11,3.97E-11,1.80E-10,2.58E-10,2.43E-11,3.31E-11,1.13E-10,1.53E-10,3.82E-11,5.26E-11,3.19E-11,4.79E-11,2.10E-11,2.87E-11,2.10E-11,2.87E-11,4.05E-12,5.70E-12,9.39E-11,1.28E-10
0.00E+00,2.54E-63,2.54E-63,8.12E-64,8.12E-64,-3.41E-66,-3.41E-66,3.88E-76,3.88E-76,-3.81E-66,-3.81E-66,7.76E-64,7.76E-64,-2.60E-65,-2.60E-65,-2.60E-65,-2.60E-65,7.74E-72,7.74E-72,1.88E-63,1.88E-63,-3.14E-65,-3.14E-65,-1.93E-65,-1.93E-65,-7.93E-66,-7.93E-66,1.41E-73,1.41E-73,-3.01E-26,-3.01E-26,-3.01E-26,-3.01E-26,-5.82E-27,-5.82E-27,1.58E-76,1.58E-76
